"","alpha_div","wealth"
"1","3.45055346315222","Wealth index = 1"
"2","4.57653092623978","Wealth index = 1"
"3","3.4627529146419","Wealth index = 1"
"4","4.28170186880858","Wealth index = 1"
"5","4.72634357519085","Wealth index = 1"
"6","4.86646320167908","Wealth index = 1"
"7","3.99822045828836","Wealth index = 1"
"8","4.33569117691371","Wealth index = 1"
"9","3.37661704023945","Wealth index = 1"
"10","4.09252999735494","Wealth index = 1"
"11","3.28255524373579","Wealth index = 1"
"12","3.51029003863724","Wealth index = 1"
"13","4.15043895785466","Wealth index = 1"
"14","4.24915451879292","Wealth index = 1"
"15","3.34167391005482","Wealth index = 1"
"16","3.78997934546947","Wealth index = 1"
"17","2.36557196326756","Wealth index = 1"
"18","4.15881564198735","Wealth index = 1"
"19","3.95538320569199","Wealth index = 1"
"20","4.13536737336219","Wealth index = 1"
"21","3.69380185807567","Wealth index = 1"
"22","4.51724479654644","Wealth index = 1"
"23","3.96402651363031","Wealth index = 1"
"24","4.16921115299842","Wealth index = 1"
"25","2.85184889729689","Wealth index = 1"
"26","3.83093381445774","Wealth index = 1"
"27","4.57453427632512","Wealth index = 1"
"28","4.54323510351249","Wealth index = 1"
"29","3.98641712627984","Wealth index = 1"
"30","4.92962494708638","Wealth index = 1"
"31","4.26711142278248","Wealth index = 1"
"32","4.72584493646902","Wealth index = 1"
"33","5.0309470436788","Wealth index = 1"
"34","3.76016396868301","Wealth index = 1"
"35","3.74756105186201","Wealth index = 1"
"36","4.03878680123158","Wealth index = 1"
"37","3.35348022293904","Wealth index = 1"
"38","3.62775634581581","Wealth index = 1"
"39","4.59560489927582","Wealth index = 1"
"40","4.0244029149632","Wealth index = 1"
"41","2.26060728613666","Wealth index = 1"
"42","3.05982359784032","Wealth index = 1"
"43","3.40226946246722","Wealth index = 1"
"44","4.52011865611393","Wealth index = 1"
"45","4.26195177641484","Wealth index = 1"
"46","3.62202060758368","Wealth index = 1"
"47","2.94972784920423","Wealth index = 1"
"48","4.23127697565654","Wealth index = 1"
"49","4.13334821129509","Wealth index = 1"
"50","3.56730793390915","Wealth index = 1"
"51","4.2387053538641","Wealth index = 1"
"52","3.99046614401148","Wealth index = 1"
"53","4.21786812460234","Wealth index = 1"
"54","3.45809926849232","Wealth index = 1"
"55","3.28099485524958","Wealth index = 1"
"56","3.42584983565486","Wealth index = 1"
"57","3.48441175510526","Wealth index = 1"
"58","4.59540033041248","Wealth index = 1"
"59","3.26206923093823","Wealth index = 1"
"60","3.39772874109364","Wealth index = 1"
"61","3.33028707950657","Wealth index = 1"
"62","4.42306975130209","Wealth index = 1"
"63","4.11873388699936","Wealth index = 1"
"64","4.44023072652045","Wealth index = 1"
"65","4.31346898024285","Wealth index = 1"
"66","3.78690700099752","Wealth index = 1"
"67","2.92968965345958","Wealth index = 1"
"68","4.37236210663402","Wealth index = 1"
"69","3.58685377519712","Wealth index = 1"
"70","3.71538073888323","Wealth index = 1"
"71","3.99053472311054","Wealth index = 1"
"72","3.84435787846686","Wealth index = 1"
"73","3.65181230007492","Wealth index = 1"
"74","3.83410133920952","Wealth index = 1"
"75","4.32125226316823","Wealth index = 1"
"76","3.86521232704602","Wealth index = 1"
"77","2.54724410526354","Wealth index = 1"
"78","3.50851058882778","Wealth index = 1"
"79","3.53069192930083","Wealth index = 1"
"80","3.03525088013511","Wealth index = 1"
"81","3.71096347782568","Wealth index = 1"
"82","3.14896467497623","Wealth index = 1"
"83","4.30207451020129","Wealth index = 1"
"84","4.10722242543874","Wealth index = 1"
"85","3.38489509096866","Wealth index = 1"
"86","3.18478654369269","Wealth index = 1"
"87","3.9151503436146","Wealth index = 1"
"88","4.04164399694512","Wealth index = 1"
"89","3.47265834659419","Wealth index = 1"
"90","3.58517558467126","Wealth index = 1"
"91","3.71515822766247","Wealth index = 1"
"92","5.06895793360393","Wealth index = 1"
"93","4.11111758708748","Wealth index = 1"
"94","3.62685423358864","Wealth index = 1"
"95","4.79683916571145","Wealth index = 1"
"96","3.45356959945857","Wealth index = 1"
"97","4.16008631915143","Wealth index = 1"
"98","4.38135017170605","Wealth index = 1"
"99","4.08636654076812","Wealth index = 1"
"100","4.12896820449618","Wealth index = 1"
"101","4.21042885825411","Wealth index = 1"
"102","3.18225757142196","Wealth index = 1"
"103","3.20433596174801","Wealth index = 1"
"104","4.68055905734334","Wealth index = 1"
"105","4.04303282257591","Wealth index = 1"
"106","3.61962197696533","Wealth index = 1"
"107","3.63331860193362","Wealth index = 1"
"108","4.37989345008101","Wealth index = 1"
"109","3.26941616307351","Wealth index = 1"
"110","4.2649526072472","Wealth index = 1"
"111","4.69080294518179","Wealth index = 1"
"112","4.37179913339202","Wealth index = 1"
"113","3.39787717217412","Wealth index = 1"
"114","3.43124959257385","Wealth index = 1"
"115","4.74964434102904","Wealth index = 1"
"116","4.52917223204512","Wealth index = 1"
"117","3.98642317834909","Wealth index = 1"
"118","2.92605875867793","Wealth index = 1"
"119","2.92975055620728","Wealth index = 1"
"120","2.64847061256439","Wealth index = 1"
"121","4.15280391733037","Wealth index = 1"
"122","3.97897451747575","Wealth index = 1"
"123","3.33275132962523","Wealth index = 1"
"124","4.33265239701977","Wealth index = 1"
"125","3.62941506720832","Wealth index = 1"
"126","2.91756408167974","Wealth index = 1"
"127","3.65672539677934","Wealth index = 1"
"128","3.29457848552904","Wealth index = 1"
"129","3.44192481052619","Wealth index = 1"
"130","4.51060963067388","Wealth index = 1"
"131","4.2877694260935","Wealth index = 1"
"132","4.77157600502099","Wealth index = 1"
"133","2.23474623824614","Wealth index = 1"
"134","3.75317022294562","Wealth index = 1"
"135","4.23289784631625","Wealth index = 1"
"136","4.81024565711728","Wealth index = 1"
"137","4.48089401154297","Wealth index = 1"
"138","3.47314369995651","Wealth index = 1"
"139","3.85584160055486","Wealth index = 1"
"140","4.79615520850202","Wealth index = 1"
"141","4.73106919648195","Wealth index = 1"
"142","3.56302340347478","Wealth index = 1"
"143","4.44909169775625","Wealth index = 1"
"144","3.39938080757801","Wealth index = 1"
"145","2.92020439828666","Wealth index = 1"
"146","2.96007251874824","Wealth index = 1"
"147","3.55674105560651","Wealth index = 1"
"148","3.22419873446992","Wealth index = 1"
"149","3.51389359658728","Wealth index = 1"
"150","3.08727258851767","Wealth index = 1"
"151","3.87094932580647","Wealth index = 1"
"152","4.08384093868518","Wealth index = 1"
"153","3.41220049776574","Wealth index = 1"
"154","4.52595295244602","Wealth index = 1"
"155","3.59871639455093","Wealth index = 1"
"156","3.93375994557319","Wealth index = 1"
"157","4.12748993760591","Wealth index = 1"
"158","2.8355414037194","Wealth index = 1"
"159","4.59416415177918","Wealth index = 1"
"160","3.29470320314097","Wealth index = 1"
"161","4.05660714431953","Wealth index = 1"
"162","3.10515155278452","Wealth index = 1"
"163","3.61716429203512","Wealth index = 1"
"164","2.81469547022465","Wealth index = 1"
"165","2.78592179004538","Wealth index = 1"
"166","2.58803701701797","Wealth index = 1"
"167","3.3920345792988","Wealth index = 1"
"168","3.81826669837255","Wealth index = 1"
"169","3.56862479142665","Wealth index = 1"
"170","3.30425663756634","Wealth index = 1"
"171","3.60729820728234","Wealth index = 1"
"172","4.55602325467716","Wealth index = 1"
"173","3.80228190956545","Wealth index = 1"
"174","4.21479405912645","Wealth index = 1"
"175","3.69330831617327","Wealth index = 1"
"176","3.03965094302205","Wealth index = 1"
"177","3.63293906073816","Wealth index = 1"
"178","2.53003641182295","Wealth index = 1"
"179","4.64717747131142","Wealth index = 1"
"180","3.33185133216153","Wealth index = 1"
"181","4.51232867841914","Wealth index = 1"
"182","5.1734529140869","Wealth index = 1"
"183","4.09834025067701","Wealth index = 1"
"184","4.05702672133513","Wealth index = 1"
"185","3.83441533045802","Wealth index = 1"
"186","4.41275051154867","Wealth index = 1"
"187","4.66756080298279","Wealth index = 1"
"188","4.22920153684119","Wealth index = 1"
"189","4.09824800295877","Wealth index = 1"
"190","3.8310100694728","Wealth index = 1"
"191","4.66459722751482","Wealth index = 1"
"192","4.60735844730693","Wealth index = 1"
"193","3.80382693409594","Wealth index = 1"
"194","3.24484794633699","Wealth index = 1"
"195","2.78577494518322","Wealth index = 1"
"196","3.36461880780518","Wealth index = 1"
"197","4.16470346034562","Wealth index = 1"
"198","4.15764065266532","Wealth index = 1"
"199","4.69168194707116","Wealth index = 1"
"200","4.09750396876407","Wealth index = 1"
"201","3.25133482539903","Wealth index = 1"
"202","4.36316555610723","Wealth index = 1"
"203","4.68519456061749","Wealth index = 1"
"204","3.86105378573079","Wealth index = 1"
"205","4.46487010456572","Wealth index = 1"
"206","4.01802664802266","Wealth index = 1"
"207","4.41756154641148","Wealth index = 1"
"208","3.49551755362154","Wealth index = 1"
"209","3.56257936378604","Wealth index = 1"
"210","3.20987017089688","Wealth index = 1"
"211","3.21828082584553","Wealth index = 1"
"212","4.52825320302898","Wealth index = 1"
"213","4.05227796988853","Wealth index = 1"
"214","4.2721479741719","Wealth index = 1"
"215","3.16594613461716","Wealth index = 1"
"216","4.75885822785794","Wealth index = 1"
"217","4.43810527802361","Wealth index = 1"
"218","3.85080811623634","Wealth index = 1"
"219","3.61523394313655","Wealth index = 1"
"220","3.70787291314985","Wealth index = 1"
"221","3.04901729811254","Wealth index = 1"
"222","3.77635952603822","Wealth index = 1"
"223","4.33462380000872","Wealth index = 1"
"224","3.31212198031361","Wealth index = 1"
"225","4.35768881607843","Wealth index = 1"
"226","3.70965601646557","Wealth index = 1"
"227","3.0833207089601","Wealth index = 1"
"228","3.22230999602946","Wealth index = 1"
"229","4.63155594840005","Wealth index = 1"
"230","3.88675589442817","Wealth index = 1"
"231","4.75972184364881","Wealth index = 1"
"232","4.13536004386914","Wealth index = 1"
"233","3.2554756786559","Wealth index = 2"
"234","4.46860746489061","Wealth index = 2"
"235","3.57853949908786","Wealth index = 2"
"236","3.34459500268657","Wealth index = 2"
"237","3.13721355830289","Wealth index = 2"
"238","3.94647046932977","Wealth index = 2"
"239","4.13982276552169","Wealth index = 2"
"240","4.19913288444338","Wealth index = 2"
"241","3.18032845602086","Wealth index = 2"
"242","4.2774332134152","Wealth index = 2"
"243","4.30411339530455","Wealth index = 2"
"244","4.18332912163094","Wealth index = 2"
"245","4.20202560246863","Wealth index = 2"
"246","4.01864403070488","Wealth index = 2"
"247","3.0892744259915","Wealth index = 2"
"248","3.74777590299885","Wealth index = 2"
"249","3.85685887767994","Wealth index = 2"
"250","4.41872197651089","Wealth index = 2"
"251","3.25203243489006","Wealth index = 2"
"252","2.3090153405557","Wealth index = 2"
"253","2.94644913134194","Wealth index = 2"
"254","2.73137179338738","Wealth index = 2"
"255","4.08341831806098","Wealth index = 2"
"256","3.37768559317558","Wealth index = 2"
"257","3.20442816768574","Wealth index = 2"
"258","3.39360367412583","Wealth index = 2"
"259","2.66335893554036","Wealth index = 2"
"260","4.53755955390081","Wealth index = 2"
"261","4.79059902054223","Wealth index = 2"
"262","4.73063365910494","Wealth index = 2"
"263","3.08769106991177","Wealth index = 2"
"264","4.74623531060804","Wealth index = 2"
"265","3.82160358267652","Wealth index = 2"
"266","4.32505035905176","Wealth index = 2"
"267","4.17368191896697","Wealth index = 2"
"268","3.71850304241172","Wealth index = 2"
"269","3.90503355209934","Wealth index = 2"
"270","4.37687905436377","Wealth index = 2"
"271","3.77010321375631","Wealth index = 2"
"272","4.72495153686731","Wealth index = 2"
"273","4.58224653532354","Wealth index = 2"
"274","3.11725177882648","Wealth index = 2"
"275","3.24224549206965","Wealth index = 2"
"276","4.29528113894447","Wealth index = 2"
"277","4.4783640337376","Wealth index = 2"
"278","3.18091401498204","Wealth index = 2"
"279","3.34461410324007","Wealth index = 2"
"280","3.62157211960202","Wealth index = 2"
"281","4.28039929470653","Wealth index = 2"
"282","4.43674184387909","Wealth index = 2"
"283","3.13674029168194","Wealth index = 2"
"284","3.39596275053239","Wealth index = 2"
"285","4.11473118148025","Wealth index = 2"
"286","4.60526922543036","Wealth index = 2"
"287","4.63166606769398","Wealth index = 2"
"288","3.88411198607771","Wealth index = 2"
"289","3.40833625471056","Wealth index = 2"
"290","3.71919127134665","Wealth index = 2"
"291","4.21089357714383","Wealth index = 2"
"292","2.9203401803132","Wealth index = 2"
"293","3.22824131789053","Wealth index = 2"
"294","4.11122763999624","Wealth index = 2"
"295","4.02932002767117","Wealth index = 2"
"296","4.55132564870489","Wealth index = 2"
"297","4.85700652320957","Wealth index = 2"
"298","3.66190924569937","Wealth index = 2"
"299","4.26830997698015","Wealth index = 2"
"300","2.89450797561075","Wealth index = 2"
"301","1.94615089663074","Wealth index = 2"
"302","3.77350368065532","Wealth index = 2"
"303","3.04370645309034","Wealth index = 2"
"304","3.38328702802137","Wealth index = 2"
"305","3.72064981244841","Wealth index = 2"
"306","4.1025713320886","Wealth index = 2"
"307","3.47401897709877","Wealth index = 2"
"308","3.59369207541973","Wealth index = 2"
"309","3.30642379810488","Wealth index = 2"
"310","1.55811336985941","Wealth index = 2"
"311","3.67367702480293","Wealth index = 2"
"312","3.21476390884461","Wealth index = 2"
"313","3.54692961537189","Wealth index = 2"
"314","3.49746821461348","Wealth index = 2"
"315","3.63406998528826","Wealth index = 2"
"316","4.54782808779218","Wealth index = 2"
"317","3.49353657471875","Wealth index = 2"
"318","3.34095459292874","Wealth index = 2"
"319","2.75793738008529","Wealth index = 2"
"320","3.12150814038285","Wealth index = 2"
"321","3.62995599350844","Wealth index = 2"
"322","4.22407453067053","Wealth index = 2"
"323","3.55941111738698","Wealth index = 2"
"324","4.55739101308119","Wealth index = 2"
"325","3.5774078385748","Wealth index = 2"
"326","3.44338035979551","Wealth index = 2"
"327","3.11244204357078","Wealth index = 2"
"328","2.96716246338859","Wealth index = 2"
"329","3.43040526106339","Wealth index = 2"
"330","3.42380441642261","Wealth index = 2"
"331","3.17391028103617","Wealth index = 2"
"332","4.02550978412294","Wealth index = 2"
"333","3.09232377827231","Wealth index = 2"
"334","3.35777649816024","Wealth index = 2"
"335","3.29670477661662","Wealth index = 2"
"336","2.54896241421457","Wealth index = 2"
"337","4.54175243022068","Wealth index = 2"
"338","3.59511612574307","Wealth index = 2"
"339","2.89334858504561","Wealth index = 2"
"340","3.96771784384577","Wealth index = 2"
"341","3.86468502449693","Wealth index = 2"
"342","4.55828007084807","Wealth index = 2"
"343","3.01712592460317","Wealth index = 2"
"344","3.54418222109002","Wealth index = 2"
"345","3.98613201908801","Wealth index = 2"
"346","4.45882450622599","Wealth index = 2"
"347","3.73972002175501","Wealth index = 2"
"348","2.87315101042882","Wealth index = 2"
"349","4.01478864650001","Wealth index = 2"
"350","3.64387935591849","Wealth index = 2"
"351","4.13277500255083","Wealth index = 2"
"352","4.00171818813093","Wealth index = 2"
"353","3.95862584338255","Wealth index = 2"
"354","3.49362484270737","Wealth index = 2"
"355","3.79600976664108","Wealth index = 2"
"356","4.4423639291341","Wealth index = 2"
"357","2.81850771551118","Wealth index = 2"
"358","3.36006668052781","Wealth index = 2"
"359","3.07932647609225","Wealth index = 2"
"360","3.87038008375922","Wealth index = 2"
"361","2.91070997923067","Wealth index = 2"
"362","3.7487252393945","Wealth index = 2"
"363","4.47997429886327","Wealth index = 2"
"364","3.9059146855047","Wealth index = 2"
"365","3.36075637293025","Wealth index = 2"
"366","2.92877437551675","Wealth index = 2"
"367","2.92348050761809","Wealth index = 2"
"368","4.73278780506179","Wealth index = 2"
"369","3.38188074025777","Wealth index = 2"
"370","3.15361214061347","Wealth index = 2"
"371","3.75710931568679","Wealth index = 2"
"372","3.66770799412943","Wealth index = 2"
"373","4.76679394104121","Wealth index = 2"
"374","4.01944433156825","Wealth index = 2"
"375","4.65737521443996","Wealth index = 2"
"376","3.98700963149176","Wealth index = 2"
"377","3.15413544456886","Wealth index = 2"
"378","3.98229354672107","Wealth index = 2"
"379","3.18379167505316","Wealth index = 2"
"380","4.69787731355202","Wealth index = 2"
"381","3.67461580429184","Wealth index = 2"
"382","3.98332077539467","Wealth index = 2"
"383","3.46990717273875","Wealth index = 2"
"384","3.46339234382275","Wealth index = 2"
"385","2.95337050643505","Wealth index = 2"
"386","3.75017971423402","Wealth index = 2"
"387","2.9362833538238","Wealth index = 2"
"388","4.63545536708811","Wealth index = 2"
"389","4.61659960637742","Wealth index = 2"
"390","3.23146348394255","Wealth index = 2"
"391","2.98387435620517","Wealth index = 2"
"392","3.57575485819287","Wealth index = 2"
"393","3.49411709399287","Wealth index = 2"
"394","3.92013790046984","Wealth index = 2"
"395","4.82669078665943","Wealth index = 2"
"396","4.06458175468651","Wealth index = 2"
"397","3.24834639086505","Wealth index = 2"
"398","4.47078903005529","Wealth index = 2"
"399","4.01310726540717","Wealth index = 2"
"400","4.61149406170801","Wealth index = 2"
"401","4.78701836000237","Wealth index = 2"
"402","3.77331193885672","Wealth index = 2"
"403","3.9653052280526","Wealth index = 2"
"404","3.67594530576698","Wealth index = 2"
"405","3.6728813983316","Wealth index = 2"
"406","4.25144924970726","Wealth index = 2"
"407","3.07364494430573","Wealth index = 2"
"408","3.8115457472596","Wealth index = 2"
"409","3.08272887656833","Wealth index = 2"
"410","4.69847699911265","Wealth index = 2"
"411","3.34438777619661","Wealth index = 2"
"412","3.29560552065334","Wealth index = 2"
"413","3.93779499186219","Wealth index = 2"
"414","4.59425903035114","Wealth index = 2"
"415","4.56095338611319","Wealth index = 2"
"416","4.84976243294351","Wealth index = 2"
"417","4.56152607606967","Wealth index = 2"
"418","3.52563777273171","Wealth index = 2"
"419","4.36817112287052","Wealth index = 2"
"420","3.81618566232032","Wealth index = 2"
"421","4.67604616962738","Wealth index = 2"
"422","4.35382760595454","Wealth index = 2"
"423","4.24077922210225","Wealth index = 2"
"424","4.85748384181651","Wealth index = 2"
"425","4.00807857285191","Wealth index = 2"
"426","3.88115850554772","Wealth index = 2"
"427","3.96652535573357","Wealth index = 2"
"428","2.93783944369372","Wealth index = 2"
"429","3.84840196957391","Wealth index = 2"
"430","3.8184528131822","Wealth index = 2"
"431","3.58012755016751","Wealth index = 2"
"432","2.82701756392752","Wealth index = 2"
"433","4.28395868443084","Wealth index = 2"
"434","3.94327542623791","Wealth index = 2"
"435","4.3692400593447","Wealth index = 2"
"436","2.88068625734952","Wealth index = 2"
"437","3.5051704345679","Wealth index = 2"
"438","4.67291153361095","Wealth index = 2"
"439","4.22377231753329","Wealth index = 2"
"440","3.70195053251757","Wealth index = 2"
"441","4.40046834454585","Wealth index = 2"
"442","4.25407609312373","Wealth index = 2"
"443","4.27891418220068","Wealth index = 2"
"444","4.06372139755504","Wealth index = 2"
"445","3.57840613853442","Wealth index = 2"
"446","4.3038423119008","Wealth index = 2"
"447","3.87243130589755","Wealth index = 2"
"448","3.92864501290161","Wealth index = 2"
"449","2.87497644283695","Wealth index = 2"
"450","4.62161861499361","Wealth index = 2"
"451","4.66722360141975","Wealth index = 2"
"452","2.80854271409071","Wealth index = 2"
"453","2.06157736311205","Wealth index = 2"
"454","3.33717791817852","Wealth index = 2"
"455","3.08422889158283","Wealth index = 2"
"456","4.05102174682414","Wealth index = 2"
"457","4.21366288767","Wealth index = 2"
"458","3.73740649687962","Wealth index = 2"
"459","3.4692576134786","Wealth index = 2"
"460","3.50030896134334","Wealth index = 2"
"461","3.37418901477298","Wealth index = 2"
"462","2.80325189317663","Wealth index = 2"
"463","3.71890768913087","Wealth index = 2"
"464","4.37921347604692","Wealth index = 2"
"465","2.90996978575085","Wealth index = 2"
"466","2.78145267384269","Wealth index = 2"
"467","3.14071941705912","Wealth index = 2"
"468","3.18791807461042","Wealth index = 2"
"469","3.21519881090045","Wealth index = 2"
"470","3.79588740978634","Wealth index = 2"
"471","4.26972787204706","Wealth index = 2"
"472","3.07501190506235","Wealth index = 2"
"473","3.65881767694707","Wealth index = 2"
"474","3.5221167164306","Wealth index = 2"
"475","4.22592814635363","Wealth index = 2"
"476","3.92983851677704","Wealth index = 2"
"477","4.36256208447696","Wealth index = 2"
"478","3.32514393875646","Wealth index = 2"
"479","3.18588050210767","Wealth index = 2"
"480","2.51816210179239","Wealth index = 2"
"481","4.03385447907889","Wealth index = 2"
"482","3.88581314817724","Wealth index = 2"
"483","3.44802179738912","Wealth index = 2"
"484","3.75716258590689","Wealth index = 2"
"485","3.29061696639922","Wealth index = 2"
"486","3.07447253156601","Wealth index = 2"
"487","3.70068131067904","Wealth index = 2"
"488","3.35693514360916","Wealth index = 2"
"489","4.70242495845679","Wealth index = 2"
"490","4.88805553623573","Wealth index = 2"
"491","5.04574477062053","Wealth index = 2"
"492","3.64327550024244","Wealth index = 2"
"493","3.96291515176825","Wealth index = 2"
"494","3.700143566079","Wealth index = 2"
"495","4.16649306875901","Wealth index = 2"
"496","2.4813459932601","Wealth index = 2"
"497","3.08061677103219","Wealth index = 2"
"498","3.53319277628041","Wealth index = 2"
"499","4.54828698705805","Wealth index = 2"
"500","2.97845637667254","Wealth index = 2"
"501","3.44885697439579","Wealth index = 2"
"502","4.23513314463131","Wealth index = 2"
"503","3.02835861509712","Wealth index = 2"
"504","3.19757950078655","Wealth index = 2"
"505","4.35214383230156","Wealth index = 2"
"506","3.41415987880359","Wealth index = 2"
"507","4.18717111745333","Wealth index = 2"
"508","2.93908881151658","Wealth index = 2"
"509","3.37408493007638","Wealth index = 2"
"510","3.82485326180222","Wealth index = 2"
"511","3.25343013954713","Wealth index = 2"
"512","4.25472160712767","Wealth index = 2"
"513","3.87628910089334","Wealth index = 2"
"514","3.07916698687039","Wealth index = 2"
"515","3.36117305474608","Wealth index = 2"
"516","2.6923895046885","Wealth index = 2"
"517","3.41383677478856","Wealth index = 2"
"518","3.62367510941866","Wealth index = 2"
"519","4.18953329161257","Wealth index = 2"
"520","4.74084003167694","Wealth index = 2"
"521","4.8774177910102","Wealth index = 2"
"522","4.71899428567716","Wealth index = 2"
"523","3.23139085497352","Wealth index = 2"
"524","3.57531457381585","Wealth index = 2"
"525","2.76562935871977","Wealth index = 2"
"526","3.28098471899187","Wealth index = 2"
"527","3.63141985328765","Wealth index = 2"
"528","3.11705273572573","Wealth index = 2"
"529","4.3699302912165","Wealth index = 2"
"530","3.14100953496459","Wealth index = 2"
"531","4.75342417553332","Wealth index = 3"
"532","3.08947711883342","Wealth index = 3"
"533","3.68538920585573","Wealth index = 3"
"534","4.60262806288151","Wealth index = 3"
"535","4.34021180791676","Wealth index = 3"
"536","4.7135222621131","Wealth index = 3"
"537","4.18693683709552","Wealth index = 3"
"538","2.62121014846259","Wealth index = 3"
"539","4.14613627755704","Wealth index = 3"
"540","4.21425097392643","Wealth index = 3"
"541","4.68873941355762","Wealth index = 3"
"542","4.98158573734727","Wealth index = 3"
"543","3.29685116171635","Wealth index = 3"
"544","4.35278320433096","Wealth index = 3"
"545","4.15426169787854","Wealth index = 3"
"546","4.81777852423583","Wealth index = 3"
"547","4.35315533759657","Wealth index = 3"
"548","3.39859035659311","Wealth index = 3"
"549","3.6472623613186","Wealth index = 3"
"550","3.42259801183543","Wealth index = 3"
"551","2.79289578921195","Wealth index = 3"
"552","3.55725104481591","Wealth index = 3"
"553","3.38449924514771","Wealth index = 3"
"554","4.03550429398583","Wealth index = 3"
"555","4.7121628683374","Wealth index = 3"
"556","3.83712095344277","Wealth index = 3"
"557","4.8104905086712","Wealth index = 3"
"558","3.27919411947551","Wealth index = 3"
"559","4.00972929087953","Wealth index = 3"
"560","2.28470817249524","Wealth index = 3"
"561","3.21017023809873","Wealth index = 3"
"562","3.45846616951863","Wealth index = 3"
"563","2.91285733324838","Wealth index = 3"
"564","3.11030463327741","Wealth index = 3"
"565","3.18954775289538","Wealth index = 3"
"566","4.22240513325155","Wealth index = 3"
"567","3.89207042825748","Wealth index = 3"
"568","3.77272386475451","Wealth index = 3"
"569","3.6879274447849","Wealth index = 3"
"570","2.38313521541901","Wealth index = 3"
"571","3.15522559509764","Wealth index = 3"
"572","3.18425340709818","Wealth index = 3"
"573","1.52936437802982","Wealth index = 3"
"574","3.9919251383546","Wealth index = 3"
"575","3.30113454882717","Wealth index = 3"
"576","2.88358758512106","Wealth index = 3"
"577","4.04567434144304","Wealth index = 3"
"578","3.42516456464286","Wealth index = 3"
"579","3.92965327013233","Wealth index = 3"
"580","3.2948900601396","Wealth index = 3"
"581","3.50523981226505","Wealth index = 3"
"582","3.83965808487468","Wealth index = 3"
"583","3.9873570761803","Wealth index = 3"
"584","3.29994216040661","Wealth index = 3"
"585","3.5992801048714","Wealth index = 3"
"586","3.03518463965851","Wealth index = 3"
"587","4.62616228728285","Wealth index = 3"
"588","4.28952133571111","Wealth index = 3"
"589","3.76179643822139","Wealth index = 3"
"590","3.73553987377811","Wealth index = 3"
"591","4.11537725729782","Wealth index = 3"
"592","4.15331204923234","Wealth index = 3"
"593","4.26034494436106","Wealth index = 3"
"594","3.48410617597181","Wealth index = 3"
"595","4.49441708651058","Wealth index = 3"
"596","3.31603326584413","Wealth index = 3"
"597","4.56646379006483","Wealth index = 3"
"598","2.94870336259321","Wealth index = 3"
"599","4.59258178213868","Wealth index = 3"
"600","3.0797013412547","Wealth index = 3"
"601","2.79539315192181","Wealth index = 3"
"602","3.20363239183403","Wealth index = 3"
"603","3.83312322499606","Wealth index = 3"
"604","3.29045724752431","Wealth index = 3"
"605","4.26750634733259","Wealth index = 3"
"606","4.61849787358627","Wealth index = 3"
"607","4.22187909103841","Wealth index = 3"
"608","3.18049236574336","Wealth index = 3"
"609","3.24105633125422","Wealth index = 3"
"610","4.18757106362027","Wealth index = 3"
"611","3.56200092832666","Wealth index = 3"
"612","3.75327388365762","Wealth index = 3"
"613","3.62014603786743","Wealth index = 3"
"614","3.16397546409406","Wealth index = 3"
"615","4.27330890368645","Wealth index = 3"
"616","3.59701695991991","Wealth index = 3"
"617","4.30690392684571","Wealth index = 3"
"618","4.68309236363668","Wealth index = 3"
"619","3.51474935110951","Wealth index = 3"
"620","3.19961788373708","Wealth index = 3"
"621","2.29836086479298","Wealth index = 3"
"622","3.0055909475696","Wealth index = 3"
"623","3.46743307350009","Wealth index = 3"
"624","3.69763087473561","Wealth index = 3"
"625","2.88920091196785","Wealth index = 3"
"626","3.4558708426272","Wealth index = 3"
"627","4.35624619309436","Wealth index = 3"
"628","3.48230644756194","Wealth index = 3"
"629","4.38031057369623","Wealth index = 3"
"630","2.64683607405791","Wealth index = 3"
"631","3.22411362066895","Wealth index = 3"
"632","4.43341444375007","Wealth index = 3"
"633","3.63526941309274","Wealth index = 3"
"634","4.56130837157212","Wealth index = 3"
"635","3.99834936943151","Wealth index = 3"
"636","3.75885219638073","Wealth index = 3"
"637","4.21521297774958","Wealth index = 3"
"638","2.84562065095143","Wealth index = 3"
"639","4.69541780114912","Wealth index = 3"
"640","3.52221769594832","Wealth index = 3"
"641","4.51442085847806","Wealth index = 3"
"642","4.00363601164404","Wealth index = 3"
"643","3.22669075846918","Wealth index = 3"
"644","3.96402478802831","Wealth index = 3"
"645","3.94343999161531","Wealth index = 3"
"646","4.02710131987708","Wealth index = 3"
"647","4.6746125485099","Wealth index = 3"
"648","3.73059551479469","Wealth index = 3"
"649","3.49976319103197","Wealth index = 3"
"650","4.10910470965568","Wealth index = 3"
"651","4.83137751827546","Wealth index = 3"
"652","2.50560401600523","Wealth index = 3"
"653","3.87977379838393","Wealth index = 3"
"654","3.83169362476342","Wealth index = 3"
"655","3.01887622131079","Wealth index = 3"
"656","2.59782196394553","Wealth index = 3"
"657","3.77220462370225","Wealth index = 3"
"658","4.32982954878124","Wealth index = 3"
"659","4.08850214886044","Wealth index = 3"
"660","4.21471025871962","Wealth index = 3"
"661","3.48379551522292","Wealth index = 3"
"662","3.47798434059233","Wealth index = 3"
"663","4.42066418551768","Wealth index = 3"
"664","2.28286244790499","Wealth index = 3"
"665","4.54813224440951","Wealth index = 3"
"666","3.24757647899759","Wealth index = 3"
"667","2.54568337531257","Wealth index = 3"
"668","3.98098527725611","Wealth index = 3"
"669","3.14480533197953","Wealth index = 3"
"670","4.0970608052399","Wealth index = 3"
"671","3.34069470860556","Wealth index = 3"
"672","3.17440611160745","Wealth index = 3"
"673","4.37892557777285","Wealth index = 3"
"674","3.82864579967707","Wealth index = 3"
"675","2.55580395923763","Wealth index = 3"
"676","3.32497245483922","Wealth index = 3"
"677","3.70547890338454","Wealth index = 3"
"678","3.03020473654646","Wealth index = 3"
"679","4.62457183836622","Wealth index = 3"
"680","4.64754123369116","Wealth index = 3"
"681","3.83817898383266","Wealth index = 3"
"682","3.96863107948802","Wealth index = 3"
"683","3.95755145915865","Wealth index = 3"
"684","3.5741389085542","Wealth index = 3"
"685","2.32548637466124","Wealth index = 3"
"686","2.93174840590567","Wealth index = 3"
"687","3.69449477903295","Wealth index = 3"
"688","3.00441160550529","Wealth index = 3"
"689","4.60967380881756","Wealth index = 3"
"690","3.0969746169692","Wealth index = 3"
"691","3.46746447175192","Wealth index = 3"
"692","4.04990678504575","Wealth index = 3"
"693","4.44127224027195","Wealth index = 3"
"694","2.82848787892259","Wealth index = 3"
"695","2.66889666874053","Wealth index = 3"
"696","3.81309921967143","Wealth index = 3"
"697","4.0476037357032","Wealth index = 3"
"698","3.33357453310807","Wealth index = 3"
"699","4.03296143658841","Wealth index = 3"
"700","3.35509743705245","Wealth index = 3"
"701","3.61744775731802","Wealth index = 3"
"702","3.36021172634149","Wealth index = 3"
"703","2.50434233265883","Wealth index = 3"
"704","4.27101059581634","Wealth index = 3"
"705","2.74876956317191","Wealth index = 3"
"706","3.38764773415968","Wealth index = 3"
"707","3.40469418906181","Wealth index = 3"
"708","4.03710463536714","Wealth index = 3"
"709","3.27311967495278","Wealth index = 3"
"710","4.11404953137785","Wealth index = 3"
"711","4.02366089447134","Wealth index = 3"
"712","3.30840273844837","Wealth index = 3"
"713","4.51470881017012","Wealth index = 3"
"714","3.53065616235584","Wealth index = 3"
"715","4.56347643805642","Wealth index = 3"
"716","4.73477596514328","Wealth index = 3"
"717","2.86689564386394","Wealth index = 3"
"718","2.83732994283531","Wealth index = 3"
"719","3.8446762052749","Wealth index = 3"
"720","4.50872628344359","Wealth index = 3"
"721","4.76770545044185","Wealth index = 3"
"722","2.83335167850803","Wealth index = 3"
"723","4.05876654772204","Wealth index = 3"
"724","4.61840935352398","Wealth index = 3"
"725","3.92012861028086","Wealth index = 3"
"726","3.71456709744562","Wealth index = 3"
"727","3.94172245426376","Wealth index = 3"
"728","4.38649196709955","Wealth index = 3"
"729","4.3877305678901","Wealth index = 3"
"730","4.22736345077075","Wealth index = 3"
"731","4.34245959967342","Wealth index = 3"
"732","4.21665385630299","Wealth index = 3"
"733","4.14302148304238","Wealth index = 3"
"734","3.26410913285051","Wealth index = 3"
"735","4.00225854248124","Wealth index = 3"
"736","4.41308079673497","Wealth index = 3"
"737","2.48040316755719","Wealth index = 3"
"738","2.96655491588448","Wealth index = 3"
"739","3.70843201167099","Wealth index = 3"
"740","3.02220740159843","Wealth index = 3"
"741","4.47063847645906","Wealth index = 3"
"742","3.18460514293861","Wealth index = 3"
"743","4.56720255711181","Wealth index = 3"
"744","3.47127515455783","Wealth index = 3"
"745","3.64215267069149","Wealth index = 3"
"746","4.20389380475862","Wealth index = 3"
"747","3.60496527546687","Wealth index = 3"
"748","4.20890695744379","Wealth index = 3"
"749","4.54537883987369","Wealth index = 3"
"750","4.11285946994125","Wealth index = 3"
"751","4.2828433337353","Wealth index = 3"
"752","3.38289169845149","Wealth index = 3"
"753","4.59626724039919","Wealth index = 3"
"754","4.37044220911728","Wealth index = 3"
"755","3.75768711629323","Wealth index = 3"
"756","2.93758539937127","Wealth index = 3"
"757","4.75592510387058","Wealth index = 3"
"758","3.1930023365291","Wealth index = 3"
"759","3.48511939668126","Wealth index = 3"
"760","3.16354249785132","Wealth index = 3"
"761","3.39348056092353","Wealth index = 3"
"762","4.75293651119828","Wealth index = 3"
"763","3.22402528756317","Wealth index = 3"
"764","3.9453762203634","Wealth index = 3"
"765","2.70504009882802","Wealth index = 3"
"766","4.83621329463051","Wealth index = 3"
"767","3.94781785786446","Wealth index = 3"
"768","2.31516979056787","Wealth index = 3"
"769","3.24170547624859","Wealth index = 3"
"770","3.7221965928323","Wealth index = 3"
"771","3.03774524057766","Wealth index = 3"
"772","4.45855087132262","Wealth index = 3"
"773","3.15931971831541","Wealth index = 3"
"774","4.48956889847363","Wealth index = 3"
"775","4.91074279664447","Wealth index = 3"
"776","4.30436056200623","Wealth index = 3"
"777","4.03920676363917","Wealth index = 3"
"778","4.12348392437727","Wealth index = 3"
"779","3.45246067653888","Wealth index = 3"
"780","3.85988511181991","Wealth index = 3"
"781","3.68211394790231","Wealth index = 3"
"782","3.48716010900723","Wealth index = 3"
"783","2.96595762475727","Wealth index = 3"
"784","4.43948835672593","Wealth index = 3"
"785","3.94990915378416","Wealth index = 3"
"786","3.20776207342487","Wealth index = 3"
"787","3.1711147187194","Wealth index = 3"
"788","2.31383842175757","Wealth index = 3"
"789","3.62203335261408","Wealth index = 3"
"790","4.49869389780044","Wealth index = 3"
"791","2.80556685870871","Wealth index = 3"
"792","4.63927841253087","Wealth index = 3"
"793","3.67953583609526","Wealth index = 3"
"794","4.85453118429686","Wealth index = 3"
"795","4.86267156624124","Wealth index = 3"
"796","3.24067667687905","Wealth index = 3"
"797","3.69831333630051","Wealth index = 3"
"798","3.34641261482459","Wealth index = 3"
"799","3.41571465867246","Wealth index = 3"
"800","3.46284713038987","Wealth index = 3"
"801","4.47295729624046","Wealth index = 3"
"802","3.94620883024935","Wealth index = 3"
"803","4.90831875055743","Wealth index = 3"
"804","4.07738266050826","Wealth index = 3"
"805","3.47769915031428","Wealth index = 3"
"806","4.45799285540509","Wealth index = 3"
"807","3.7513282898253","Wealth index = 3"
"808","4.94523121498078","Wealth index = 3"
"809","3.62722458093282","Wealth index = 3"
"810","3.21217418739957","Wealth index = 3"
"811","4.74125328032269","Wealth index = 3"
"812","4.26805071511961","Wealth index = 3"
"813","4.29030957074924","Wealth index = 3"
"814","2.93271018616776","Wealth index = 3"
"815","2.60394070869614","Wealth index = 3"
"816","4.24584426372727","Wealth index = 3"
"817","3.95065540816633","Wealth index = 3"
"818","1.74067944308217","Wealth index = 3"
"819","4.78939284260508","Wealth index = 3"
"820","3.53014805451627","Wealth index = 3"
"821","4.92172574583722","Wealth index = 3"
"822","4.85331734988038","Wealth index = 3"
"823","1.55241458995013","Wealth index = 3"
"824","3.32216952418153","Wealth index = 3"
"825","4.91812668693649","Wealth index = 3"
"826","4.09529279272299","Wealth index = 3"
"827","2.75845998362214","Wealth index = 3"
"828","4.34561699221177","Wealth index = 3"
"829","3.75955035502361","Wealth index = 3"
"830","4.4435159636663","Wealth index = 3"
"831","4.04034884924778","Wealth index = 3"
"832","2.66533885869522","Wealth index = 3"
"833","4.4080023327541","Wealth index = 3"
"834","4.19016938328724","Wealth index = 3"
"835","3.32851640876134","Wealth index = 3"
"836","2.76262360083168","Wealth index = 3"
"837","4.76159918113663","Wealth index = 3"
"838","4.61236535448315","Wealth index = 3"
"839","3.8535151771837","Wealth index = 3"
"840","3.87433524694442","Wealth index = 3"
"841","3.29042355357275","Wealth index = 3"
"842","4.20286456559305","Wealth index = 3"
"843","3.60747913092135","Wealth index = 3"
"844","3.77477526607636","Wealth index = 3"
"845","2.07395077906119","Wealth index = 3"
"846","2.42350728233523","Wealth index = 3"
"847","2.50427133386892","Wealth index = 3"
"848","4.50492646092842","Wealth index = 3"
"849","4.36530628817928","Wealth index = 3"
"850","4.20523370103232","Wealth index = 3"
"851","4.33558048290902","Wealth index = 3"
"852","3.60919731477301","Wealth index = 3"
"853","4.13814603776791","Wealth index = 3"
"854","2.58606014525897","Wealth index = 3"
"855","2.52544538914101","Wealth index = 3"
"856","2.41581483701916","Wealth index = 3"
"857","2.42040900541437","Wealth index = 3"
"858","3.66754927808813","Wealth index = 3"
"859","1.52144428444479","Wealth index = 3"
"860","3.42510788017927","Wealth index = 3"
"861","2.74682035793234","Wealth index = 3"
"862","3.11864606967691","Wealth index = 3"
"863","3.23135969883673","Wealth index = 3"
"864","4.3484020042283","Wealth index = 3"
"865","4.70223998273553","Wealth index = 3"
"866","4.8432955328458","Wealth index = 3"
"867","3.74185741077275","Wealth index = 3"
"868","4.29568429717092","Wealth index = 3"
"869","2.55553927762301","Wealth index = 3"
"870","3.23910047729711","Wealth index = 3"
"871","0.70546563517678","Wealth index = 3"
"872","3.77393857398206","Wealth index = 3"
"873","4.43095054775025","Wealth index = 3"
"874","4.49679957887472","Wealth index = 3"
"875","3.35418950698856","Wealth index = 3"
"876","2.55014878290319","Wealth index = 3"
"877","4.41834992747333","Wealth index = 3"
"878","4.15343842047019","Wealth index = 3"
"879","4.16526227203017","Wealth index = 3"
"880","3.23404801566121","Wealth index = 3"
"881","3.26022831636574","Wealth index = 3"
"882","4.57049468077024","Wealth index = 3"
"883","4.46847753521521","Wealth index = 3"
"884","2.28443364946852","Wealth index = 3"
"885","3.42728871006508","Wealth index = 3"
"886","2.55970472441695","Wealth index = 3"
"887","2.7795638211701","Wealth index = 4"
"888","4.53683631168083","Wealth index = 4"
"889","3.99100824993259","Wealth index = 4"
"890","3.77203944212069","Wealth index = 4"
"891","2.68289797440134","Wealth index = 4"
"892","3.73813894781154","Wealth index = 4"
"893","2.20757252554508","Wealth index = 4"
"894","2.88655135400375","Wealth index = 4"
"895","4.51319236822615","Wealth index = 4"
"896","4.45012763778489","Wealth index = 4"
"897","4.13748093515125","Wealth index = 4"
"898","3.09541936056495","Wealth index = 4"
"899","3.82765249979516","Wealth index = 4"
"900","3.86475715040081","Wealth index = 4"
"901","4.19278104840251","Wealth index = 4"
"902","3.40725642466484","Wealth index = 4"
"903","4.370468693795","Wealth index = 4"
"904","4.45063149041498","Wealth index = 4"
"905","3.6325529145939","Wealth index = 4"
"906","4.29942113167611","Wealth index = 4"
"907","4.44457476542489","Wealth index = 4"
"908","4.54953803380272","Wealth index = 4"
"909","4.09903449444802","Wealth index = 4"
"910","3.63798325916353","Wealth index = 4"
"911","4.49894586352548","Wealth index = 4"
"912","3.92036540294791","Wealth index = 4"
"913","3.09010520745176","Wealth index = 4"
"914","3.62581742273003","Wealth index = 4"
"915","3.49372245890237","Wealth index = 4"
"916","4.02711444871511","Wealth index = 4"
"917","4.61678291406833","Wealth index = 4"
"918","3.88797388952615","Wealth index = 4"
"919","3.64174659537506","Wealth index = 4"
"920","3.84969608026301","Wealth index = 4"
"921","3.05057514967768","Wealth index = 4"
"922","2.58204218736262","Wealth index = 4"
"923","4.06525792123453","Wealth index = 4"
"924","3.22423451300918","Wealth index = 4"
"925","3.37517174384239","Wealth index = 4"
"926","4.2023584073019","Wealth index = 4"
"927","3.97972224665476","Wealth index = 4"
"928","4.01234229011239","Wealth index = 4"
"929","3.33450088671347","Wealth index = 4"
"930","3.9780209800749","Wealth index = 4"
"931","4.7518247912194","Wealth index = 4"
"932","4.66978608603549","Wealth index = 4"
"933","2.39649587846453","Wealth index = 4"
"934","4.31065745829583","Wealth index = 4"
"935","3.89104444920302","Wealth index = 4"
"936","4.51425267799038","Wealth index = 4"
"937","4.20827180677796","Wealth index = 4"
"938","2.71236944848575","Wealth index = 4"
"939","4.29318375898792","Wealth index = 4"
"940","3.741871799321","Wealth index = 4"
"941","2.78429020517621","Wealth index = 4"
"942","4.10870279992493","Wealth index = 4"
"943","2.85317813830596","Wealth index = 4"
"944","2.63839375288616","Wealth index = 4"
"945","4.23409337475868","Wealth index = 4"
"946","3.0415889464664","Wealth index = 4"
"947","3.66441797997136","Wealth index = 4"
"948","3.13088211596748","Wealth index = 4"
"949","1.75827770910779","Wealth index = 4"
"950","3.61862100294098","Wealth index = 4"
"951","3.27026414216925","Wealth index = 4"
"952","3.36684888442626","Wealth index = 4"
"953","2.75863825523229","Wealth index = 4"
"954","3.70560711283412","Wealth index = 4"
"955","4.30024140703223","Wealth index = 4"
"956","2.74614026114811","Wealth index = 4"
"957","2.99767689979033","Wealth index = 4"
"958","3.1833734121569","Wealth index = 4"
"959","3.73684367477607","Wealth index = 4"
"960","2.91598947733527","Wealth index = 4"
"961","2.88330427735693","Wealth index = 4"
"962","3.01997668009813","Wealth index = 4"
"963","3.40104741907415","Wealth index = 4"
"964","1.77473049397181","Wealth index = 4"
"965","3.21241521595215","Wealth index = 4"
"966","3.87648430961519","Wealth index = 4"
"967","4.87814816959081","Wealth index = 4"
"968","2.72619454377836","Wealth index = 4"
"969","4.27424028386025","Wealth index = 4"
"970","4.62860486434187","Wealth index = 4"
"971","4.54215315121427","Wealth index = 4"
"972","2.83491627685469","Wealth index = 4"
"973","3.77718253813914","Wealth index = 4"
"974","3.23415665134154","Wealth index = 4"
"975","3.80226037093139","Wealth index = 4"
"976","3.70783347620318","Wealth index = 4"
"977","3.69062686063888","Wealth index = 4"
"978","2.73316988185813","Wealth index = 4"
"979","3.69810919985922","Wealth index = 4"
"980","3.55163814236771","Wealth index = 4"
"981","2.5939641326359","Wealth index = 4"
"982","3.98325292284664","Wealth index = 4"
"983","4.62603587716783","Wealth index = 4"
"984","4.8173001169615","Wealth index = 4"
"985","4.74462453105356","Wealth index = 4"
"986","2.82947640531188","Wealth index = 4"
"987","4.47026104452568","Wealth index = 4"
"988","3.94053185730078","Wealth index = 4"
"989","1.85241397841163","Wealth index = 4"
"990","4.50335235998146","Wealth index = 4"
"991","3.78986687406743","Wealth index = 4"
"992","4.33625149349452","Wealth index = 4"
"993","4.43357750518465","Wealth index = 4"
"994","4.31592607429249","Wealth index = 4"
"995","3.68640584903338","Wealth index = 4"
"996","3.67500361836509","Wealth index = 4"
"997","3.52686623869075","Wealth index = 4"
"998","4.54476439131102","Wealth index = 4"
"999","3.79543420911715","Wealth index = 4"
"1000","2.71511045776955","Wealth index = 4"
"1001","3.43974934845651","Wealth index = 4"
"1002","3.83048150747508","Wealth index = 4"
"1003","3.34719129942328","Wealth index = 4"
"1004","4.17990395333871","Wealth index = 4"
"1005","4.76838537647257","Wealth index = 4"
"1006","3.52047361068426","Wealth index = 4"
"1007","2.77408719508365","Wealth index = 4"
"1008","4.2718140500332","Wealth index = 4"
"1009","3.44689164082728","Wealth index = 4"
"1010","3.36874026198227","Wealth index = 4"
"1011","3.70455521944452","Wealth index = 4"
"1012","3.27804119665071","Wealth index = 4"
"1013","2.37261753741525","Wealth index = 4"
"1014","3.6937684059301","Wealth index = 4"
"1015","1.97073967264079","Wealth index = 4"
"1016","1.68724684918725","Wealth index = 4"
"1017","2.7124833153669","Wealth index = 4"
"1018","3.98517537359566","Wealth index = 4"
"1019","3.20768841661476","Wealth index = 4"
"1020","3.80167109108949","Wealth index = 4"
"1021","4.12979078682547","Wealth index = 4"
"1022","3.46085996914093","Wealth index = 4"
"1023","3.75537399933778","Wealth index = 4"
"1024","4.06925399738852","Wealth index = 4"
"1025","3.55886224212665","Wealth index = 4"
"1026","2.87523071906721","Wealth index = 4"
"1027","3.10705567755438","Wealth index = 4"
"1028","2.25873396176968","Wealth index = 4"
"1029","4.37596517005062","Wealth index = 4"
"1030","3.84657835540237","Wealth index = 4"
"1031","4.55540305848308","Wealth index = 4"
"1032","2.43521936725363","Wealth index = 4"
"1033","3.43910218183999","Wealth index = 4"
"1034","3.38221096634151","Wealth index = 4"
"1035","3.42596049098065","Wealth index = 4"
"1036","3.31089216713397","Wealth index = 4"
"1037","3.4978854537977","Wealth index = 4"
"1038","2.78712597160718","Wealth index = 4"
"1039","2.91219900867169","Wealth index = 4"
"1040","4.27284745161656","Wealth index = 4"
"1041","3.2196456914336","Wealth index = 4"
"1042","4.63537174588485","Wealth index = 4"
"1043","3.6227175329602","Wealth index = 4"
"1044","4.55178498711706","Wealth index = 4"
"1045","3.40211088662651","Wealth index = 4"
"1046","2.85911901510934","Wealth index = 4"
"1047","2.80105903086491","Wealth index = 4"
"1048","1.20642809238787","Wealth index = 4"
"1049","4.2927481842174","Wealth index = 4"
"1050","3.23676516663588","Wealth index = 4"
"1051","2.92807399011642","Wealth index = 4"
"1052","2.72717645486744","Wealth index = 4"
"1053","3.17567736580404","Wealth index = 4"
"1054","3.51452532092459","Wealth index = 4"
"1055","2.11487051458315","Wealth index = 4"
"1056","2.5908632296589","Wealth index = 4"
"1057","2.94159336685656","Wealth index = 4"
"1058","3.11362676154278","Wealth index = 4"
"1059","4.22550924769679","Wealth index = 4"
"1060","3.67887733156282","Wealth index = 4"
"1061","4.01945253533984","Wealth index = 4"
"1062","3.56994724890992","Wealth index = 4"
"1063","2.87685866886781","Wealth index = 4"
"1064","3.50007704625231","Wealth index = 4"
"1065","3.98319817675905","Wealth index = 4"
"1066","4.19572146075724","Wealth index = 4"
"1067","1.99836135752863","Wealth index = 4"
"1068","3.7804479990074","Wealth index = 4"
"1069","3.77927466138708","Wealth index = 4"
"1070","4.06202027158003","Wealth index = 4"
"1071","2.25805037960299","Wealth index = 4"
"1072","2.91651351465377","Wealth index = 4"
"1073","2.04577504480449","Wealth index = 4"
"1074","4.65791647911527","Wealth index = 4"
"1075","2.39970259317901","Wealth index = 4"
"1076","2.9712510153116","Wealth index = 4"
"1077","3.75646003208326","Wealth index = 4"
"1078","4.524133520275","Wealth index = 4"
"1079","4.40718729293237","Wealth index = 4"
"1080","3.25662105180225","Wealth index = 4"
"1081","3.66345625589107","Wealth index = 4"
"1082","3.73235606748913","Wealth index = 4"
"1083","2.26057982757207","Wealth index = 4"
"1084","3.82557181179984","Wealth index = 4"
"1085","4.0125491912181","Wealth index = 4"
"1086","3.8496901692898","Wealth index = 4"
"1087","3.78386716553204","Wealth index = 4"
"1088","3.38382588305136","Wealth index = 4"
"1089","4.3507884398023","Wealth index = 4"
"1090","4.14523694257946","Wealth index = 4"
"1091","3.82264304338864","Wealth index = 4"
"1092","4.43601927686594","Wealth index = 4"
"1093","3.85338970430407","Wealth index = 4"
"1094","4.13885474562899","Wealth index = 4"
"1095","3.64515586370794","Wealth index = 4"
"1096","2.78291884513238","Wealth index = 4"
"1097","2.00716971827502","Wealth index = 4"
"1098","4.23365451183499","Wealth index = 4"
"1099","3.27175803629357","Wealth index = 4"
"1100","4.47788297898236","Wealth index = 4"
"1101","4.36720757776398","Wealth index = 4"
"1102","2.93126849667562","Wealth index = 4"
"1103","3.80444130394586","Wealth index = 4"
"1104","4.1170655480614","Wealth index = 4"
"1105","4.44544520382586","Wealth index = 4"
"1106","4.3889054124146","Wealth index = 4"
"1107","2.87373988523624","Wealth index = 4"
"1108","4.30093141006823","Wealth index = 4"
"1109","3.05282454193607","Wealth index = 4"
"1110","4.69237107432671","Wealth index = 4"
"1111","2.19766108053313","Wealth index = 4"
"1112","3.60980883412869","Wealth index = 4"
"1113","3.33625722208822","Wealth index = 4"
"1114","3.24615802441922","Wealth index = 4"
"1115","2.78301080037649","Wealth index = 4"
"1116","3.16160835196587","Wealth index = 4"
"1117","4.48594371362401","Wealth index = 4"
"1118","3.72962815206655","Wealth index = 4"
"1119","4.80431997102607","Wealth index = 4"
"1120","3.50888842767491","Wealth index = 4"
"1121","3.12022822375747","Wealth index = 4"
"1122","4.42291644795383","Wealth index = 4"
"1123","4.0885148691577","Wealth index = 4"
"1124","3.75569906329715","Wealth index = 4"
"1125","4.00133751714579","Wealth index = 4"
"1126","2.75346339585555","Wealth index = 4"
"1127","3.73842055672002","Wealth index = 4"
"1128","3.80962880611854","Wealth index = 4"
"1129","3.8680250700525","Wealth index = 4"
"1130","4.47442229618231","Wealth index = 4"
"1131","4.4687123696947","Wealth index = 4"
"1132","4.21484758201547","Wealth index = 4"
"1133","4.52801254718882","Wealth index = 4"
"1134","4.21769159966302","Wealth index = 4"
"1135","3.30788432272928","Wealth index = 4"
"1136","2.91152851213938","Wealth index = 4"
"1137","3.6002830659488","Wealth index = 4"
"1138","4.50953117599834","Wealth index = 4"
"1139","3.67049845026518","Wealth index = 4"
"1140","2.69341178889787","Wealth index = 4"
"1141","3.10211607629917","Wealth index = 4"
"1142","4.8064537048881","Wealth index = 4"
"1143","3.61096295555593","Wealth index = 4"
"1144","3.63163384908129","Wealth index = 4"
"1145","4.62949986242621","Wealth index = 4"
"1146","4.17070178815826","Wealth index = 4"
"1147","3.48222040227825","Wealth index = 4"
"1148","3.44307578678627","Wealth index = 4"
"1149","4.1062111975021","Wealth index = 4"
"1150","2.61207293958895","Wealth index = 4"
"1151","4.73316180608008","Wealth index = 4"
"1152","3.53253816580528","Wealth index = 4"
"1153","3.18516174064844","Wealth index = 4"
"1154","2.94173224681966","Wealth index = 4"
"1155","3.96276842238383","Wealth index = 4"
"1156","3.2224692783555","Wealth index = 4"
"1157","3.40493231508864","Wealth index = 4"
"1158","4.01602450636876","Wealth index = 4"
"1159","4.04628008794891","Wealth index = 4"
"1160","4.33922149455981","Wealth index = 4"
"1161","4.32648107709962","Wealth index = 4"
"1162","4.52740738983613","Wealth index = 4"
"1163","2.6923178960609","Wealth index = 4"
"1164","4.35658679997438","Wealth index = 4"
"1165","4.55938234978246","Wealth index = 4"
"1166","3.82285509579532","Wealth index = 4"
"1167","3.11914891059638","Wealth index = 4"
"1168","3.79139887879016","Wealth index = 4"
"1169","2.57708910472531","Wealth index = 4"
"1170","3.26373298701048","Wealth index = 4"
"1171","4.08685756901347","Wealth index = 4"
"1172","4.32887239909132","Wealth index = 4"
"1173","4.80626617070971","Wealth index = 4"
"1174","2.81631455224676","Wealth index = 4"
"1175","3.82420204236792","Wealth index = 4"
"1176","3.00494796604561","Wealth index = 4"
"1177","3.68414146358973","Wealth index = 4"
"1178","4.68499038028628","Wealth index = 4"
"1179","3.68791442571682","Wealth index = 4"
"1180","4.75863102704883","Wealth index = 4"
"1181","3.67868294719046","Wealth index = 4"
"1182","3.89498878712158","Wealth index = 4"
"1183","2.9129110026477","Wealth index = 4"
"1184","3.23045546992339","Wealth index = 4"
"1185","4.30702865503064","Wealth index = 4"
"1186","3.47349663006296","Wealth index = 4"
"1187","4.2735747893096","Wealth index = 4"
"1188","4.06092432734569","Wealth index = 4"
"1189","3.64462602993581","Wealth index = 4"
"1190","2.47156685137148","Wealth index = 4"
"1191","3.09600908192581","Wealth index = 4"
"1192","3.67441968941938","Wealth index = 4"
"1193","3.55417450997615","Wealth index = 4"
"1194","4.88171930752842","Wealth index = 4"
"1195","4.21720479156825","Wealth index = 4"
"1196","4.39970918443189","Wealth index = 4"
"1197","3.28795029335036","Wealth index = 4"
"1198","4.77253235178499","Wealth index = 4"
"1199","3.91974631979636","Wealth index = 4"
"1200","3.24380463609316","Wealth index = 4"
"1201","3.13516502692624","Wealth index = 4"
"1202","4.04823919422633","Wealth index = 4"
"1203","4.60927173177669","Wealth index = 4"
"1204","4.55128595198434","Wealth index = 4"
"1205","4.35496883245481","Wealth index = 4"
"1206","2.76219698056282","Wealth index = 4"
"1207","3.67184930000556","Wealth index = 4"
"1208","3.39123086435746","Wealth index = 4"
"1209","3.39102535902952","Wealth index = 4"
"1210","3.56579108472154","Wealth index = 4"
"1211","4.31831637789603","Wealth index = 4"
"1212","4.50566080815168","Wealth index = 4"
"1213","4.79921959341621","Wealth index = 4"
"1214","3.05637533163549","Wealth index = 4"
"1215","4.68428911786708","Wealth index = 4"
"1216","4.35683977237817","Wealth index = 4"
"1217","2.91858616626962","Wealth index = 4"
"1218","3.43236057620701","Wealth index = 4"
"1219","3.72721012230143","Wealth index = 4"
"1220","3.69587486608636","Wealth index = 4"
"1221","3.5260365962744","Wealth index = 4"
"1222","3.45425777382051","Wealth index = 4"
"1223","3.49414626037721","Wealth index = 4"
"1224","2.98795043403241","Wealth index = 4"
"1225","3.50944689957951","Wealth index = 4"
"1226","3.80454933161243","Wealth index = 4"
"1227","4.4183951340169","Wealth index = 4"
"1228","4.50713334875643","Wealth index = 4"
"1229","3.65826210791763","Wealth index = 4"
"1230","4.08747593103823","Wealth index = 4"
"1231","3.8551730947449","Wealth index = 4"
"1232","4.67875784209221","Wealth index = 4"
"1233","3.61381491354857","Wealth index = 4"
"1234","4.03482613032328","Wealth index = 4"
"1235","3.59006222466502","Wealth index = 4"
"1236","3.83092781492535","Wealth index = 4"
"1237","4.95239238551706","Wealth index = 4"
"1238","3.56616270547033","Wealth index = 4"
"1239","2.77642923029963","Wealth index = 4"
"1240","2.30301767714454","Wealth index = 4"
"1241","2.67042110545838","Wealth index = 4"
"1242","4.28392561491916","Wealth index = 4"
"1243","4.54934739199486","Wealth index = 4"
"1244","3.32637748543344","Wealth index = 4"
"1245","4.06675347813441","Wealth index = 4"
"1246","3.11984880328547","Wealth index = 4"
"1247","3.42875864566733","Wealth index = 4"
"1248","4.5537684596472","Wealth index = 4"
"1249","3.62669340161282","Wealth index = 4"
"1250","3.52498622183208","Wealth index = 4"
"1251","4.43303528549045","Wealth index = 4"
"1252","4.35128649419287","Wealth index = 4"
"1253","4.47812318826928","Wealth index = 4"
"1254","4.44189217474304","Wealth index = 4"
"1255","3.92465018844054","Wealth index = 4"
"1256","3.69064254899727","Wealth index = 4"
"1257","4.38047857393489","Wealth index = 4"
"1258","3.66446547960379","Wealth index = 4"
"1259","4.18200314390312","Wealth index = 4"
"1260","3.85403474011388","Wealth index = 4"
"1261","2.92630494384952","Wealth index = 4"
"1262","3.87225435117899","Wealth index = 4"
"1263","3.73178345235598","Wealth index = 4"
"1264","3.27938335371088","Wealth index = 4"
"1265","4.21106664652436","Wealth index = 4"
"1266","3.08877368875619","Wealth index = 4"
"1267","3.68957800026785","Wealth index = 4"
"1268","3.80681061666547","Wealth index = 4"
"1269","2.77761315337646","Wealth index = 4"
"1270","3.43747709660314","Wealth index = 4"
"1271","3.35278817751624","Wealth index = 4"
"1272","3.83273754443257","Wealth index = 4"
"1273","4.48369943625306","Wealth index = 4"
"1274","3.75167420969861","Wealth index = 4"
"1275","2.78435271405784","Wealth index = 4"
"1276","4.0619209727204","Wealth index = 4"
"1277","2.56603064199063","Wealth index = 4"
"1278","3.74369827208991","Wealth index = 4"
"1279","3.35192296968388","Wealth index = 4"
"1280","2.64412350822631","Wealth index = 4"
"1281","3.47368076525472","Wealth index = 4"
"1282","3.92362564520849","Wealth index = 4"
"1283","3.46287928056251","Wealth index = 4"
"1284","2.50095676519562","Wealth index = 4"
"1285","4.30722054409719","Wealth index = 4"
"1286","4.13761156757046","Wealth index = 4"
"1287","4.14187566441107","Wealth index = 4"
"1288","4.07611846580662","Wealth index = 4"
"1289","2.57873124811152","Wealth index = 4"
"1290","3.22732042350672","Wealth index = 4"
"1291","4.3268355092258","Wealth index = 4"
"1292","4.24496726817474","Wealth index = 4"
"1293","3.0308361076415","Wealth index = 4"
"1294","2.63678487756689","Wealth index = 4"
"1295","2.81019934590808","Wealth index = 4"
"1296","3.03082518721349","Wealth index = 4"
"1297","3.11117719575621","Wealth index = 4"
"1298","3.88436086188199","Wealth index = 4"
"1299","2.83890034142594","Wealth index = 4"
"1300","3.59021167039785","Wealth index = 4"
"1301","4.66268071073063","Wealth index = 4"
"1302","3.46252154574633","Wealth index = 4"
"1303","2.3490317611196","Wealth index = 4"
"1304","2.76535487945457","Wealth index = 4"
"1305","3.76003396134735","Wealth index = 4"
"1306","3.21681867932494","Wealth index = 4"
"1307","4.76901742032189","Wealth index = 4"
"1308","4.28589297915398","Wealth index = 4"
"1309","4.48403098749454","Wealth index = 4"
"1310","3.2747843212476","Wealth index = 4"
"1311","3.2970302567713","Wealth index = 4"
"1312","4.0957462703162","Wealth index = 4"
"1313","3.27710062840552","Wealth index = 4"
"1314","3.47047663592379","Wealth index = 4"
"1315","3.79521195682724","Wealth index = 4"
"1316","3.41808978151328","Wealth index = 4"
"1317","3.62832919269667","Wealth index = 4"
"1318","3.60583939333603","Wealth index = 4"
"1319","3.40327247124495","Wealth index = 4"
"1320","2.99454211043979","Wealth index = 4"
"1321","2.75677546388758","Wealth index = 4"
"1322","3.51933221655865","Wealth index = 4"
"1323","4.14388615912885","Wealth index = 4"
"1324","4.55780469890061","Wealth index = 4"
"1325","3.03090898237038","Wealth index = 4"
"1326","3.28280859168722","Wealth index = 4"
"1327","3.18464790808906","Wealth index = 4"
"1328","4.10470891042285","Wealth index = 4"
"1329","2.7947664583915","Wealth index = 4"
"1330","3.7372742127016","Wealth index = 4"
"1331","4.04534879562476","Wealth index = 4"
"1332","3.76303127038037","Wealth index = 4"
"1333","4.51744766603092","Wealth index = 4"
"1334","4.37002568486636","Wealth index = 4"
"1335","4.35186829989542","Wealth index = 4"
"1336","3.80514732886431","Wealth index = 4"
"1337","4.42250875867773","Wealth index = 4"
"1338","2.88594505841067","Wealth index = 4"
"1339","3.33292388474959","Wealth index = 4"
"1340","4.67774390238906","Wealth index = 4"
"1341","3.73773287358611","Wealth index = 4"
"1342","4.19784254921595","Wealth index = 4"
"1343","2.06385750567712","Wealth index = 4"
"1344","3.4740971776713","Wealth index = 4"
"1345","3.92480517792813","Wealth index = 4"
"1346","4.39587154477504","Wealth index = 4"
"1347","2.78541643066641","Wealth index = 4"
"1348","3.82752800618684","Wealth index = 4"
"1349","3.64584114118557","Wealth index = 4"
"1350","3.43508560620316","Wealth index = 4"
"1351","4.48495547720034","Wealth index = 4"
"1352","2.5843198096322","Wealth index = 4"
"1353","3.22927499534644","Wealth index = 4"
"1354","3.44629572049751","Wealth index = 4"
"1355","3.64135851720077","Wealth index = 4"
"1356","3.4329935721053","Wealth index = 4"
"1357","3.99298879240091","Wealth index = 4"
"1358","4.0966908050383","Wealth index = 4"
"1359","4.26617204918968","Wealth index = 4"
"1360","3.68610433074321","Wealth index = 4"
"1361","2.54520300480019","Wealth index = 4"
"1362","3.6200485642805","Wealth index = 4"
"1363","2.95401916314868","Wealth index = 4"
"1364","3.76500925958076","Wealth index = 5"
"1365","3.91932559076184","Wealth index = 5"
"1366","4.31774196327158","Wealth index = 5"
"1367","3.0493763460961","Wealth index = 5"
"1368","4.31767230701936","Wealth index = 5"
"1369","2.89205017207067","Wealth index = 5"
"1370","3.98099961575135","Wealth index = 5"
"1371","4.57742070662533","Wealth index = 5"
"1372","3.71558658456968","Wealth index = 5"
"1373","4.02274257831095","Wealth index = 5"
"1374","3.88414645737094","Wealth index = 5"
"1375","3.77965762691567","Wealth index = 5"
"1376","4.77315940782142","Wealth index = 5"
"1377","4.89692797771155","Wealth index = 5"
"1378","3.34081468005417","Wealth index = 5"
"1379","3.43541084050225","Wealth index = 5"
"1380","3.25970689381058","Wealth index = 5"
"1381","3.61629349987797","Wealth index = 5"
"1382","4.223792687469","Wealth index = 5"
"1383","3.31007695995931","Wealth index = 5"
"1384","3.94467315093725","Wealth index = 5"
"1385","3.65085297122869","Wealth index = 5"
"1386","4.85789693950684","Wealth index = 5"
"1387","3.60543031097028","Wealth index = 5"
"1388","1.75515670978763","Wealth index = 5"
"1389","3.46215744376991","Wealth index = 5"
"1390","4.273154407478","Wealth index = 5"
"1391","2.83983159535905","Wealth index = 5"
"1392","4.50022570832273","Wealth index = 5"
"1393","3.46570278881445","Wealth index = 5"
"1394","3.77427441401906","Wealth index = 5"
"1395","5.00350561371646","Wealth index = 5"
"1396","4.67071264734178","Wealth index = 5"
"1397","3.17505904733992","Wealth index = 5"
"1398","3.23668209680056","Wealth index = 5"
"1399","3.53913403892662","Wealth index = 5"
"1400","2.96347457244328","Wealth index = 5"
"1401","3.82321673950682","Wealth index = 5"
"1402","3.25273981148336","Wealth index = 5"
"1403","2.48559931724762","Wealth index = 5"
"1404","3.64133720138526","Wealth index = 5"
"1405","4.29775106367191","Wealth index = 5"
"1406","3.35746857733865","Wealth index = 5"
"1407","3.02174214188595","Wealth index = 5"
"1408","3.40649769164359","Wealth index = 5"
"1409","3.67989260150944","Wealth index = 5"
"1410","1.57401100772026","Wealth index = 5"
"1411","3.31646217500379","Wealth index = 5"
"1412","3.37326693406765","Wealth index = 5"
"1413","3.25332095453642","Wealth index = 5"
"1414","4.73459950179287","Wealth index = 5"
"1415","4.23590434079957","Wealth index = 5"
"1416","4.06269149909842","Wealth index = 5"
"1417","4.2505537983346","Wealth index = 5"
"1418","4.0160853334983","Wealth index = 5"
"1419","3.43934401415959","Wealth index = 5"
"1420","4.21529508738242","Wealth index = 5"
"1421","4.93903065504393","Wealth index = 5"
"1422","3.87798226574669","Wealth index = 5"
"1423","3.59648753637331","Wealth index = 5"
"1424","3.54362122647229","Wealth index = 5"
"1425","3.75522729570132","Wealth index = 5"
"1426","4.92750198660875","Wealth index = 5"
"1427","3.42708190810384","Wealth index = 5"
"1428","2.18630305219622","Wealth index = 5"
"1429","3.21118037642222","Wealth index = 5"
"1430","3.82673228768287","Wealth index = 5"
"1431","3.98715414242124","Wealth index = 5"
"1432","4.36319529461364","Wealth index = 5"
"1433","1.43376747171384","Wealth index = 5"
"1434","3.9331097558915","Wealth index = 5"
"1435","3.00716242758875","Wealth index = 5"
"1436","3.30728205038683","Wealth index = 5"
"1437","4.28948547675341","Wealth index = 5"
"1438","2.80746901822407","Wealth index = 5"
"1439","2.96806262280908","Wealth index = 5"
"1440","2.37987746332512","Wealth index = 5"
"1441","3.23897289508938","Wealth index = 5"
"1442","4.33528321811423","Wealth index = 5"
"1443","3.61069553090707","Wealth index = 5"
"1444","4.25057736965467","Wealth index = 5"
"1445","3.9021479367715","Wealth index = 5"
"1446","2.41138712261198","Wealth index = 5"
"1447","3.29525070240087","Wealth index = 5"
"1448","4.66295083486821","Wealth index = 5"
"1449","4.40705182940932","Wealth index = 5"
"1450","3.61890221799135","Wealth index = 5"
"1451","3.95641899190899","Wealth index = 5"
"1452","4.25973585466758","Wealth index = 5"
"1453","2.15151584064169","Wealth index = 5"
"1454","2.97778654183402","Wealth index = 5"
"1455","2.84972557221664","Wealth index = 5"
"1456","3.8541853052874","Wealth index = 5"
"1457","3.08801481416513","Wealth index = 5"
"1458","3.44029040293175","Wealth index = 5"
"1459","4.33814074170788","Wealth index = 5"
"1460","3.27318902221862","Wealth index = 5"
"1461","3.07700403738254","Wealth index = 5"
"1462","3.9797313958807","Wealth index = 5"
"1463","4.1350965004927","Wealth index = 5"
"1464","1.83817809798752","Wealth index = 5"
"1465","3.51838549687105","Wealth index = 5"
"1466","3.52263556835477","Wealth index = 5"
"1467","3.61278327970536","Wealth index = 5"
"1468","3.76027780569755","Wealth index = 5"
"1469","3.28974320400201","Wealth index = 5"
"1470","2.3846410565566","Wealth index = 5"
"1471","3.02374351832545","Wealth index = 5"
"1472","3.09296256667819","Wealth index = 5"
"1473","2.36669946750411","Wealth index = 5"
"1474","3.06261525406248","Wealth index = 5"
"1475","2.86592904007768","Wealth index = 5"
"1476","4.12743022194452","Wealth index = 5"
"1477","4.1557924249436","Wealth index = 5"
"1478","2.65044999965687","Wealth index = 5"
"1479","4.60679862437098","Wealth index = 5"
"1480","3.52407297466322","Wealth index = 5"
"1481","2.02423598818257","Wealth index = 5"
"1482","3.74620758270022","Wealth index = 5"
"1483","3.81387776585474","Wealth index = 5"
"1484","3.45392659228331","Wealth index = 5"
"1485","4.29076501707822","Wealth index = 5"
"1486","3.28247284959285","Wealth index = 5"
"1487","3.23188998314986","Wealth index = 5"
"1488","3.17860751324702","Wealth index = 5"
"1489","3.98007056248639","Wealth index = 5"
"1490","3.86146134466722","Wealth index = 5"
"1491","4.18924557715518","Wealth index = 5"
"1492","3.97172000794455","Wealth index = 5"
"1493","3.23908265472334","Wealth index = 5"
"1494","3.63517459664367","Wealth index = 5"
"1495","2.95732896291742","Wealth index = 5"
"1496","3.4285831529862","Wealth index = 5"
"1497","3.32311073013211","Wealth index = 5"
"1498","3.96094582177665","Wealth index = 5"
"1499","2.13072006614752","Wealth index = 5"
"1500","4.40368974392096","Wealth index = 5"
"1501","3.62876538207311","Wealth index = 5"
"1502","3.78900581157715","Wealth index = 5"
"1503","2.6244352679145","Wealth index = 5"
"1504","3.86693960242483","Wealth index = 5"
"1505","3.69175516206742","Wealth index = 5"
"1506","1.93822171149981","Wealth index = 5"
"1507","2.83075501469585","Wealth index = 5"
"1508","3.87359252241716","Wealth index = 5"
"1509","3.08267004997103","Wealth index = 5"
"1510","2.18642443208881","Wealth index = 5"
"1511","2.41827263102936","Wealth index = 5"
"1512","3.80940964330321","Wealth index = 5"
"1513","2.84226229916657","Wealth index = 5"
"1514","2.22938024618571","Wealth index = 5"
"1515","2.76388746802698","Wealth index = 5"
"1516","4.12667759818278","Wealth index = 5"
"1517","4.20825138270335","Wealth index = 5"
"1518","2.83654894281372","Wealth index = 5"
"1519","4.63215364680785","Wealth index = 5"
"1520","3.4444536770195","Wealth index = 5"
"1521","2.2281889046987","Wealth index = 5"
"1522","2.92061710847455","Wealth index = 5"
"1523","2.69624941786336","Wealth index = 5"
"1524","3.61591235796471","Wealth index = 5"
"1525","3.58678262618101","Wealth index = 5"
"1526","3.2996279476871","Wealth index = 5"
"1527","3.99680541431399","Wealth index = 5"
"1528","2.70678175234271","Wealth index = 5"
"1529","3.89348497989736","Wealth index = 5"
"1530","3.16051242660779","Wealth index = 5"
"1531","2.46648623491637","Wealth index = 5"
"1532","3.49238198084579","Wealth index = 5"
"1533","3.83643874240339","Wealth index = 5"
"1534","4.12745733916774","Wealth index = 5"
"1535","3.554757202433","Wealth index = 5"
"1536","3.32923736559035","Wealth index = 5"
"1537","3.80912421233302","Wealth index = 5"
"1538","4.40362206992066","Wealth index = 5"
"1539","4.73140159859162","Wealth index = 5"
"1540","3.79989733619311","Wealth index = 5"
"1541","4.45119064288971","Wealth index = 5"
"1542","3.15096804117326","Wealth index = 5"
"1543","4.11421892985257","Wealth index = 5"
"1544","4.04520676251974","Wealth index = 5"
"1545","4.43945639124465","Wealth index = 5"
"1546","4.52057702357511","Wealth index = 5"
"1547","4.28616932607621","Wealth index = 5"
"1548","3.73994896051365","Wealth index = 5"
"1549","3.61627227358256","Wealth index = 5"
"1550","3.84500285996727","Wealth index = 5"
"1551","4.57651428834016","Wealth index = 5"
"1552","4.50473951916805","Wealth index = 5"
"1553","3.94147638127959","Wealth index = 5"
"1554","3.32087386895813","Wealth index = 5"
"1555","3.75526553741222","Wealth index = 5"
"1556","3.1184096548202","Wealth index = 5"
"1557","4.35743384683935","Wealth index = 5"
"1558","3.57465630651278","Wealth index = 5"
"1559","4.5904537890553","Wealth index = 5"
"1560","4.04232313475998","Wealth index = 5"
"1561","3.78781045304648","Wealth index = 5"
"1562","4.85659558283879","Wealth index = 5"
"1563","4.41100130207199","Wealth index = 5"
"1564","3.50004799258063","Wealth index = 5"
"1565","3.80581224697313","Wealth index = 5"
"1566","3.18895710050948","Wealth index = 5"
"1567","2.75915463752093","Wealth index = 5"
"1568","2.2425187545131","Wealth index = 5"
"1569","2.77876563933808","Wealth index = 5"
"1570","3.1919087616647","Wealth index = 5"
"1571","3.95547699810136","Wealth index = 5"
"1572","4.08546383193787","Wealth index = 5"
"1573","3.74686925708506","Wealth index = 5"
"1574","3.3840696336862","Wealth index = 5"
"1575","3.29431459500559","Wealth index = 5"
"1576","3.26841304549635","Wealth index = 5"
"1577","4.31224544164116","Wealth index = 5"
"1578","3.70795895958876","Wealth index = 5"
"1579","3.83263534182007","Wealth index = 5"
"1580","3.73039148109078","Wealth index = 5"
"1581","3.85898234753906","Wealth index = 5"
"1582","3.82785833817728","Wealth index = 5"
"1583","2.91278025920069","Wealth index = 5"
"1584","3.26591762018714","Wealth index = 5"
"1585","3.82573534236502","Wealth index = 5"
"1586","4.2363262816264","Wealth index = 5"
"1587","2.76851015856921","Wealth index = 5"
"1588","3.58831570323982","Wealth index = 5"
"1589","3.98400786012702","Wealth index = 5"
"1590","4.10184351987605","Wealth index = 5"
"1591","3.7719990390379","Wealth index = 5"
"1592","3.9742352966763","Wealth index = 5"
"1593","4.2081142771006","Wealth index = 5"
"1594","3.82764730758281","Wealth index = 5"
"1595","2.90632530649493","Wealth index = 5"
"1596","4.27019829112342","Wealth index = 5"
"1597","3.91785785703788","Wealth index = 5"
"1598","4.02035808175177","Wealth index = 5"
"1599","4.54061617429925","Wealth index = 5"
"1600","3.96866939867408","Wealth index = 5"
"1601","2.42138158319692","Wealth index = 5"
"1602","4.41053339211718","Wealth index = 5"
"1603","4.31216768894608","Wealth index = 5"
"1604","4.10908657744523","Wealth index = 5"
"1605","3.69010782278567","Wealth index = 5"
"1606","4.09508762853873","Wealth index = 5"
"1607","4.64153050943982","Wealth index = 5"
"1608","4.43856150596412","Wealth index = 5"
"1609","4.56000006537309","Wealth index = 5"
"1610","1.98831194563062","Wealth index = 5"
"1611","4.05974404440739","Wealth index = 5"
"1612","4.3654404868835","Wealth index = 5"
"1613","3.2270346228975","Wealth index = 5"
"1614","3.60058932722466","Wealth index = 5"
"1615","4.7259538917387","Wealth index = 5"
"1616","3.8044743310436","Wealth index = 5"
"1617","4.28156226182372","Wealth index = 5"
"1618","3.91069335223711","Wealth index = 5"
"1619","3.88588295879335","Wealth index = 5"
"1620","3.97219140050439","Wealth index = 5"
"1621","4.18775067421974","Wealth index = 5"
"1622","3.70643472768651","Wealth index = 5"
"1623","4.6888970763005","Wealth index = 5"
"1624","4.3667148857466","Wealth index = 5"
"1625","4.35207358907743","Wealth index = 5"
"1626","2.2169287423946","Wealth index = 5"
"1627","4.11355902188389","Wealth index = 5"
"1628","3.65549503154779","Wealth index = 5"
"1629","3.54342890187861","Wealth index = 5"
"1630","2.76954993305104","Wealth index = 5"
"1631","4.20501950051154","Wealth index = 5"
"1632","3.27633028710821","Wealth index = 5"
"1633","3.10517609702039","Wealth index = 5"
"1634","3.84973094122718","Wealth index = 5"
"1635","3.65897944911667","Wealth index = 5"
"1636","3.36722344390512","Wealth index = 5"
"1637","3.41791026297767","Wealth index = 5"
"1638","3.76908495056628","Wealth index = 5"
"1639","3.34917968375987","Wealth index = 5"
"1640","4.43776299203433","Wealth index = 5"
"1641","3.61560271007302","Wealth index = 5"
"1642","4.78940956301953","Wealth index = 5"
"1643","4.31894644822982","Wealth index = 5"
"1644","4.51401239677881","Wealth index = 5"
"1645","3.00935410204071","Wealth index = 5"
"1646","4.65600984721772","Wealth index = 5"
"1647","2.63070976008104","Wealth index = 5"
"1648","3.12191236087001","Wealth index = 5"
"1649","3.87104073496624","Wealth index = 5"
"1650","5.01054642266147","Wealth index = 5"
"1651","1.7822904306036","Wealth index = 5"
"1652","3.65358958376572","Wealth index = 5"
"1653","4.14372725988949","Wealth index = 5"
"1654","4.60078799661882","Wealth index = 5"
"1655","3.92879822087272","Wealth index = 5"
"1656","3.71404811655374","Wealth index = 5"
"1657","4.45407921702153","Wealth index = 5"
"1658","4.49025649844636","Wealth index = 5"
"1659","3.64431761444328","Wealth index = 5"
"1660","4.21652070315194","Wealth index = 5"
"1661","4.07697162784515","Wealth index = 5"
"1662","4.18449713353738","Wealth index = 5"
"1663","3.43347286049283","Wealth index = 5"
"1664","2.47447937735293","Wealth index = 5"
"1665","3.14408383037553","Wealth index = 5"
"1666","4.75330011448963","Wealth index = 5"
"1667","4.50174746561822","Wealth index = 5"
"1668","2.49370132883292","Wealth index = 5"
"1669","4.1390740564106","Wealth index = 5"
"1670","2.57647944565873","Wealth index = 5"
"1671","2.76085540921624","Wealth index = 5"
"1672","4.23422108127565","Wealth index = 5"
"1673","4.07057958539898","Wealth index = 5"
"1674","3.63043858215153","Wealth index = 5"
"1675","3.47881927090963","Wealth index = 5"
"1676","3.75727905540512","Wealth index = 5"
"1677","4.11941971522766","Wealth index = 5"
"1678","4.17872388186547","Wealth index = 5"
"1679","3.86569693365203","Wealth index = 5"
"1680","3.3457282544792","Wealth index = 5"
"1681","2.82501160737287","Wealth index = 5"
"1682","2.38206811669859","Wealth index = 5"
"1683","4.49370592526215","Wealth index = 5"
"1684","2.57723238643264","Wealth index = 5"
"1685","4.46299845799627","Wealth index = 5"
"1686","2.97915156062108","Wealth index = 5"
"1687","4.66794275843529","Wealth index = 5"
"1688","3.67087350836216","Wealth index = 5"
"1689","4.6475614208757","Wealth index = 5"
"1690","4.49481974438902","Wealth index = 5"
"1691","4.01484694739675","Wealth index = 5"
"1692","2.67353041672435","Wealth index = 5"
"1693","3.05335632363323","Wealth index = 5"
"1694","4.05990671247259","Wealth index = 5"
"1695","4.30730598262282","Wealth index = 5"
"1696","3.6953349145966","Wealth index = 5"
"1697","3.47058186242093","Wealth index = 5"
"1698","2.08886203734616","Wealth index = 5"
"1699","4.08818464590316","Wealth index = 5"
"1700","3.62879544549244","Wealth index = 5"
"1701","3.87382567199257","Wealth index = 5"
"1702","3.50125731198254","Wealth index = 5"
"1703","4.81370941777082","Wealth index = 5"
"1704","3.72753598560714","Wealth index = 5"
"1705","4.57024004701098","Wealth index = 5"
"1706","4.54300731840982","Wealth index = 5"
"1707","2.9574945253778","Wealth index = 5"
"1708","4.33198687681787","Wealth index = 5"
"1709","4.62450572529873","Wealth index = 5"
"1710","3.61648425853222","Wealth index = 5"
"1711","4.14870136131762","Wealth index = 5"
"1712","2.31902223865149","Wealth index = 5"
"1713","4.31964976348696","Wealth index = 5"
"1714","3.65776562318575","Wealth index = 5"
"1715","2.43669998845242","Wealth index = 5"
"1716","3.08600993867825","Wealth index = 5"
"1717","4.12594047570882","Wealth index = 5"
"1718","3.24394852200586","Wealth index = 5"
"1719","3.80012826439784","Wealth index = 5"
"1720","4.18862159478666","Wealth index = 5"
"1721","3.14396597332624","Wealth index = 5"
"1722","3.26535353812327","Wealth index = 5"
"1723","4.47358407138054","Wealth index = 5"
"1724","4.21295764273101","Wealth index = 5"
"1725","3.19613109415365","Wealth index = 5"
"1726","3.09564350039822","Wealth index = 5"
"1727","3.45781144135217","Wealth index = 5"
"1728","3.80476333110385","Wealth index = 5"
"1729","4.02341254612328","Wealth index = 5"
"1730","4.39981892160773","Wealth index = 5"
"1731","3.14705247525676","Wealth index = 5"
"1732","3.37170296936492","Wealth index = 5"
